CREATE DATABASE dictionary; 

USE dictionary;

CREATE TABLE Words (	
	English VARCHAR(50) NOT NULL,
	pronounce VARCHAR(50) NOT NULL,
	PRIMARY KEY (English)
) ENGINE=INNODB DEFAULT CHARSET=UTF8MB4;

CREATE TABLE WordDefinitions (
	English VARCHAR(50) NOT NULL,
	Type VARCHAR(15) NOT NULL,
	Definition VARCHAR(255) NOT NULL,
	Meaning VARCHAR(50) NOT NULL,
	CONSTRAINT FOREIGN KEY (English) REFERENCES Words (English)
	ON UPDATE CASCADE
	ON DELETE CASCADE
) ENGINE=INNODB DEFAULT CHARSET=UTF8MB4;

CREATE TABLE WordTopics (
	TopicName VARCHAR(50) NOT NULL,
	English VARCHAR(50) NOT NULL,
	CONSTRAINT FOREIGN KEY (English) REFERENCES Words (English)
	ON UPDATE CASCADE
	ON DELETE CASCADE
) ENGINE=INNODB DEFAULT CHARSET=UTF8MB4;

/* insert data */

-- Words table
INSERT INTO Words (English, pronounce) VALUES
('absent', 'æb.sənt'),
('acceptable', 'əkˈsɛpt.ə.bəl'),
('afternoon', 'ˌæf.tərˈnuːn'),
('angry', 'ˈæŋ.ɡri'),
('apple', 'ˈæp.əl'),
('apricot', 'ˈeɪ.prɪ.kɑːt'),
('avocado', 'ˌæv.əˈkɑː.doʊ'),
('bacon', 'ˈbeɪ.kən'),
('banana', 'bəˈnæn.ə'),
('beautiful', 'ˈbjuː.tɪ.fəl'),
('beef', 'biːf'),
('blackberry', 'ˈblæk.bɛr.i'),
('blueberry', 'ˈbluː.bɛr.i'),
('brave', 'breɪv'),
('bread', 'brɛd'),
('breakfast', 'ˈbrɛk.fəst'),
('broccoli', 'ˈbrɑː.kə.li'),
('cabbage', 'ˈkæb.ɪdʒ'),
('cantaloupe', 'ˈkæn.təˌloʊp'),
('careful', 'ˈkɛə.fəl'),
('careless', 'ˈkɛə.lɪs'),
('carrot', 'ˈkær.ət'),
('cauliflower', 'ˈkɔː.lɪ.faʊ.ər'),
('cheese', 'tʃiːz'),
('cherry', 'ˈtʃɛr.i'),
('chicken', 'ˈtʃɪk.ɪn'),
('coconut', 'ˈkoʊ.kə.nʌt'),
('coffee', 'ˈkɒf.i'),
('crab', 'kræb'),
('cucumber', 'ˈkjuː.kʌmbər'),
('debate', 'dɪˈbeɪt'),
('dextrous', 'ˈdɛk.strəs'),
('diligent', 'ˈdɪl.ɪ.dʒənt'),
('dinner', 'ˈdɪn.ər'),
('egg', 'ɛɡ'),
('eggplant', 'ˈɛɡˌplænt'),
('enthusiastic', 'ɪnˌθuːziˈæstɪk'),
('extroverted', 'ˌɛkstrəˈvɜːrtɪd'),
('fight', 'faɪt'),
('fish', 'fɪʃ'),
('frank', 'fræŋk'),
('fresh', 'frɛʃ'),
('game', 'ɡeɪm'),
('garlic', 'ˈɡɑːrlɪk'),
('generous', 'ˈdʒɛnərəs'),
('gentle', 'ˈdʒɛntəl'),
('grapefruit', 'ˈɡreɪpfruːt'),
('grapes', 'ɡreɪps'),
('happy', 'ˈhæpi'),
('hello', 'həˈloʊ'),
('honey', 'ˈhʌni'),
('hot', 'hɒt'),
('humorous', 'ˈhjuː.mər.əs'),
('important', 'ɪmˈpɔːrtənt'),
('intelligent', 'ɪnˈtɛlɪdʒənt'),
('interesting', 'ˈɪn.tər.ɛs.tɪŋ'),
('juice', 'dʒuːs'),
('jump', 'dʒʌmp'),
('kind', 'kaɪnd'),
('lamb', 'læm'),
('lazy', 'ˈleɪzi'),
('lemon', 'ˈlɛmən'),
('lettuce', 'ˈlɛtɪs'),
('lobster', 'ˈlɒb.stər'),
('lucky', 'ˈlʌki'),
('lunch', 'lʌntʃ'),
('mango', 'ˈmæŋ.ɡoʊ'),
('mature', 'məˈtʊr'),
('milk', 'mɪlk'),
('modest', 'ˈmɒd.ɪst'),
('mountain', 'ˈmaʊn.tɪn'),
('nervous', 'ˈnɜː.vəs'),
('noodles', 'ˈnuː.dəlz'),
('ocean', 'ˈoʊ.ʃən'),
('oil', 'ɔɪl'),
('omelette', 'ˌɒm.əˈlet'),
('onion', 'ˈʌn.jən'),
('optimistic', 'ˌɒp.tɪˈmɪs.tɪk'),
('orange', 'ˈɔːrɪndʒ'),
('papaya', 'pəˈpaɪə'),
('pasta', 'ˈpæs.tə'),
('patient', 'ˈpeɪ.ʃənt'),
('peach', 'piːtʃ'),
('pear', 'pɛr'),
('pepper', 'ˈpɛpər'),
('pineapple', 'ˈpaɪnæpəl'),
('plum', 'plʌm'),
('polite', 'pəˈlaɪt'),
('pomegranate', 'ˈpɒm.ɪ.ɡræn.ɪt'),
('pork', 'pɔːrk'),
('potato', 'pəˈteɪ.toʊ'),
('practical', 'ˈpræk.tɪ.kəl'),
('pretty', 'ˈprɪti'),
('quiet', 'ˈkwaɪ.ɪt'),
('raspberry', 'ˈræz.bər.i'),
('realistic', 'ˌriːəˈlɪs.tɪk'),
('relaxed', 'rɪˈlækst'),
('responsible', 'rɪˈspɒnsəbl'),
('rice', 'raɪs'),
('romantic', 'roʊˈmæn.tɪk'),
('rude', 'ruːd'),
('run', 'rʌn'),
('sad', 'sæd'),
('salt', 'sɔːlt'),
('sandwich', 'ˈsæn.dwɪtʃ'),
('sausage', 'ˈsɒsɪdʒ'),
('selfish', 'ˈsɛlfɪʃ'),
('serious', 'ˈsɪriəs'),
('shrimp', 'ʃrɪmp'),
('shy', 'ʃaɪ'),
('simple', 'ˈsɪmpəl'),
('sing', 'sɪŋ'),
('sleep', 'sliːp'),
('smart', 'smɑrt'),
('smile', 'smaɪl'),
('social', 'ˈsoʊʃəl'),
('soup', 'suːp'),
('spinach', 'ˈspɪnɪdʒ'),
('squash', 'skwɒʃ'),
('strawberry', 'ˈstrɔː.bər.i'),
('successful', 'səkˈsɛs.fəl'),
('sugar', 'ˈʃʊɡər'),
('sun', 'sʌn'),
('talent', 'ˈtæl.ənt'),
('tall', 'tɔːl'),
('tea', 'tiː'),
('thin', 'θɪn'),
('tired', 'taɪrd'),
('tomato', 'təˈmeɪ.toʊ'),
('traditional', 'trəˈdɪʃənl'),
('travel', 'ˈtræv.əl'),
('true', 'truː'),
('understanding', 'ˌʌndərˈstændɪŋ'),
('useful', 'ˈjuːs.fəl'),
('valuable', 'ˈvæl.ju.ə.bl'),
('versatile', 'ˈvɜːr.sə.taɪl'),
('walk', 'wɔːk'),
('warm', 'wɔːrm'),
('water', 'ˈwɔː.tər'),
('watermelon', 'ˈwɔː.tərˌmɛl.ən'),
('weak', 'wiːk'),
('wealthy', 'ˈwɛl.θi'),
('wise', 'waɪz'),
('wonderful', 'ˈwʌn.dər.fəl'),
('young', 'jʌŋ');

-- WordDefinitions table
INSERT INTO WordDefinitions (English, type, Definition, Meaning) VALUES
('absent', 'adj', 'not present', 'vắng mặt'),
('acceptable', 'adj', 'able to be agreed on; suitable', 'chấp nhận được'),
('afternoon', 'noun', 'the time from noon or lunchtime to evening', 'buổi chiều'),
('angry', 'adj', 'having a strong feeling of or showing annoyance, displeasure, or hostility', 'tức giận'),
('angry', 'adj', 'feeling or expressing strong resentment', 'nổi giận'),
('angry', 'adj', 'feeling or characterized by anger', 'giận dữ'),
('apple', 'noun', 'a round fruit with red or green skin', 'quả táo'),
('apricot', 'noun', 'a juicy, soft fruit with a velvety skin', 'mơ'),
('avocado', 'noun', 'a pear-shaped fruit with a rough leathery skin', 'trái bơ'),
('bacon', 'noun', 'cured and smoked meat from the back or sides of a pig', 'thịt xông khói'),
('banana', 'noun', 'a long curved fruit', 'quả chuối'),
('beautiful', 'adj', 'pleasing the senses or mind aesthetically', 'đẹp'),
('beef', 'noun', 'flesh of a cow, bull, or ox, used as food', 'thịt bò'),
('blackberry', 'noun', 'an edible soft fruit', 'dâu đen'),
('blueberry', 'noun', 'a small sweet fruit', 'quả việt quất dâu xanh'),
('brave', 'adj', 'ready to face and endure danger or pain; showing courage', 'dũng cảm'),
('bread', 'noun', 'food made of flour, water, and yeast or another leavening agent', 'bánh mì'),
('breakfast', 'noun', 'a meal eaten in the morning', 'bữa sáng'),
('broccoli', 'noun', 'a cultivated variety of cabbage', 'súp lơ'),
('cabbage', 'noun', 'a leafy green or purple biennial plant', 'bắp cải'),
('cantaloupe', 'noun', 'a variety of muskmelon', 'quả dưa lưới'),
('careful', 'adj', 'exercising or taking care; marked by diligence and heedfulness', 'cẩn thận'),
('careless', 'adj', 'not giving sufficient attention or thought to avoiding harm or errors', 'bất cẩn'),
('carrot', 'noun', 'a tapering orange root', 'cà rốt'),
('cauliflower', 'noun', 'a cultivated variety of cabbage', 'bông cải trắng súp lơ'),
('cheese', 'noun', 'a food made from the pressed curds of milk', 'phô mai'),
('cherry', 'noun', 'a small round stone fruit that is typically bright or dark red', 'quả anh đào'),
('chicken', 'noun', 'a domestic fowl kept for its eggs or meat', 'gà'),
('coconut', 'noun', 'a large brown oval seed', 'dừa'),
('coffee', 'noun', 'a hot drink made from the roasted and ground seeds (coffee beans) of a tropical shrub', 'cà phê'),
('crab', 'noun', 'a marine animal with a broad carapace', 'cua'),
('cucumber', 'noun', 'a long green-skinned fruit', 'dưa chuột'),
('debate', 'noun', 'serious discussion of a subject in which many people take part', 'cuộc thảo luận'),
('debate', 'noun', 'a competition in which teams of people, often students, discuss a subject and the team that is judged to make the best arguments wins', 'cuộc tranh luận'),
('debate', 'verb', 'to discuss a subject in a formal way', 'bàn luận'),
('debate', 'verb', 'to try to make a decision about something', 'tranh luận'),
('dextrous', 'adj', 'skillful and competent with the hands', 'khéo léo'),
('diligent', 'adj', 'characterized by steady, earnest, and energetic effort', 'chăm chỉ'),
('diligent', 'adj', 'marked by persevering, painstaking effort', 'siêng năng'),
('dinner', 'noun', 'the main meal of the day, taken either around midday or in the evening', 'bữa tối'),
('egg', 'noun', 'an oval or round object laid by a female bird', 'trứng'),
('eggplant', 'noun', 'a plant of the nightshade family', 'cà tím'),
('enthusiastic', 'adj', 'having or showing intense and eager interest, excitement, or approval', 'nhiệt tình'),
('extroverted', 'adj', 'outgoing and socially confident', 'hướng ngoại'),
('fight', 'verb', 'to engage in battle or in single combat; attempt to defend oneself against or to subdue, defeat, or destroy an adversary', 'đánh'),
('fish', 'noun', 'a limbless cold-blooded vertebrate animal with gills', 'cá'),
('frank', 'adj', 'open, honest, and direct in speech or writing, especially when dealing with unpalatable matters', 'thành thật'),
('frank', 'adj', 'open in expressing feelings or opinions', 'chân thành'),
('frank', 'adj', 'forthright, straightforward', 'ngay thảng'),
('fresh', 'adj', 'not previously known or used; new or different', 'tươi tỉnh'),
('game', 'noun', 'a form of play or sport, especially a competitive one', 'trò chơi'),
('garlic', 'noun', 'a strong-smelling pungent-tasting bulb, used as a flavoring in cooking and in herbal medicine', 'tỏi'),
('generous', 'adj', 'liberal in giving or sharing; unselfish', 'hào phóng'),
('generous', 'adj', 'indicative of abundance; ample; rich', 'rộng lượng'),
('gentle', 'adj', 'having or showing a mild, kind, or tender temperament or character', 'nhẹ nhàng'),
('gentle', 'adj', 'moderate in action, effect, or degree; not harsh or severe', 'dịu dàng'),
('gentle', 'adj', 'considerate or kindly in disposition; amiable and tender', 'cao quý'),
('gentle', 'adj', 'high in rank or status; aristocratic; noble; worthy', 'danh giá'),
('grapefruit', 'noun', 'a subtropical citrus tree', 'quả bưởi'),
('grapes', 'noun', 'a berry, typically green or purple', 'nho'),
('happy', 'adj', 'feeling or showing pleasure or contentment', 'vui'),
('hello', 'noun', 'an expression of greeting', 'chào'),
('honey', 'noun', 'a sweet, sticky yellowish-brown fluid made by bees', 'mật ong'),
('hot', 'adj', 'having a high degree of heat or a high temperature', 'nóng'),
('humorous', 'adj', 'full of, characterized by, or provoking humor; funny; comical', 'hài hước'),
('important', 'adj', 'of great significance or value; likely to have a profound effect on success, survival, or well-being', 'quan trọng'),
('intelligent', 'adj', 'having or indicating a high or satisfactory degree of intelligence and mental capacity', 'thông minh'),
('interesting', 'adj', 'engaging or exciting and holding the attention or curiosity', 'thú vị'),
('juice', 'noun', 'the liquid obtained from or present in fruit or vegetables', 'nước ép'),
('jump', 'verb', "push oneself off the ground and into the air by using the muscles in one's legs and feet", 'nhảy'),
('kind', 'adj', 'having or showing a friendly, generous, and considerate nature', 'tốt bụng'),
('lamb', 'noun', 'flesh of a young sheep, used as food', 'cừu'),
('lazy', 'adj', 'averse or disinclined to work, activity, or exertion; indolent', 'lười biếng'),
('lemon', 'noun', 'a yellow citrus fruit', 'quả chanh'),
('lettuce', 'noun', 'a cultivated plant of the daisy family', 'rau xà lách'),
('lobster', 'noun', 'a large marine crustacean with a cylindrical body', 'tôm hùm'),
('lucky', 'adj', 'having, bringing, or resulting from good luck; fortunate', 'may mắn'),
('lunch', 'noun', 'a meal eaten in the middle of the day', 'bữa trưa'),
('mango', 'noun', 'a fleshy yellowish-red tropical fruit', 'quả xoài'),
('mature', 'adj', 'fully developed physically; full-grown', 'trưởng thành'),
('milk', 'noun', 'an opaque white fluid rich in fat and protein, secreted by female mammals for the nourishment of their young', 'sữa'),
('modest', 'adj', "having or showing a moderate or humble estimate of one's merits, importance, etc.", 'khiêm tốn'),
('mountain', 'noun', 'a large elevated landmass, often with steep slopes and a significant elevation difference', 'núi'),
('nervous', 'adj', 'easily agitated or alarmed; tending to be anxious; highly strung', 'lo lắng'),
('noodles', 'noun', 'a strip, ring, or tube of pasta or a similar dough', 'mì'),
('ocean', 'noun', 'a very large expanse of sea', 'đại dương'),
('oil', 'noun', 'a viscous liquid derived from petroleum', 'dầu'),
('omelette', 'noun', 'a dish made from beaten eggs', 'trứng áp chảo'),
('onion', 'noun', 'an edible bulb with a pungent taste and smell', 'hành'),
('optimistic', 'adj', 'disposed to take a favorable view of events or conditions and to expect the most favorable outcome', 'lạc quan'),
('orange', 'noun', 'a round juicy citrus fruit', 'quả cam'),
('papaya', 'noun', 'a tropical fruit with orange flesh', 'đu đủ'),
('pasta', 'noun', 'Italian dish consisting of wheat', 'mì ống'),
('patient', 'adj', 'bearing provocation, annoyance, misfortune, delay, hardship, pain, etc., with fortitude and calm and without complaint, anger, or the like', 'kiên nhẫn'),
('peach', 'noun', 'a round stone fruit with juicy yellow flesh', 'đào'),
('pear', 'noun', 'a yellow or brownish-green edible fruit', 'quả lê'),
('pepper', 'noun', 'a pungent, hot-tasting powder', 'hạt tiêu'),
('pineapple', 'noun', 'a large tropical fruit', 'quả dứa'),
('plum', 'noun', 'a small round fruit with a groove running down one side', 'mận'),
('polite', 'adj', 'showing good manners toward others, as in behavior, speech, etc.', 'lịch sự'),
('pomegranate', 'noun', 'a red fruit with a tough outer layer', 'quả lựu'),
('pork', 'noun', 'flesh of a pig, used as food', 'thịt heo'),
('potato', 'noun', 'a starchy plant tuber', 'củ khoai tây'),
('practical', 'adj', 'of or relating to practice or action', 'thực tế'),
('pretty', 'adj', 'pleasing or attractive to the eye, as by delicacy or gracefulness', 'xinh đẹp'),
('quiet', 'adj', 'making no noise or sound, especially no disturbing sound', 'yên tĩnh'),
('raspberry', 'noun', 'an edible soft fruit', 'mâm xôi'),
('realistic', 'adj', 'interested in, concerned with, or based on what is real or practical', 'thực tế'),
('relaxed', 'adj', 'free from tension and anxiety; at ease', 'thư giãn'),
('responsible', 'adj', "answerable or accountable, as for something within one's power, control, or management", 'có trách nhiệm'),
('responsible', 'adj', 'involving accountability or responsibility', 'đáng kính'),
('rice', 'noun', 'the seed of a grass', 'gạo'),
('romantic', 'adj', "characterized by a preoccupation with love or by the idealizing of love or one's beloved", 'lãng mạn'),
('romantic', 'adj', 'imbued with or dominated by idealism, a desire for adventure, chivalry, etc.', 'mơ mộng'),
('rude', 'adj', 'discourteous or impolite, especially in a deliberate way', 'thô lỗ'),
('run', 'verb', 'move at a speed faster than a walk, never having both or all the feet on the ground at the same time', 'chạy'),
('sad', 'adj', 'affected by unhappiness or grief; sorrowful or mournful', 'buồn'),
('salt', 'noun', 'a crystalline compound that consists of sodium chloride', 'muối'),
('sandwich', 'noun', 'a dish consisting of two pieces of bread', 'bánh mì kẹp'),
('sausage', 'noun', 'a cylindrical meat product', 'xúc xích'),
('selfish', 'adj', 'devoted to or caring only for oneself; concerned primarily with one\'s own interests, benefits, welfare, etc., regardless of others', 'ích kỷ'),
('serious', 'adj', 'of, showing, or characterized by deep thought', 'nghiêm trọng'),
('serious', 'adj', 'grave or somber in disposition, character, or manner', 'nghiêm túc'),
('shrimp', 'noun', 'a small free-swimming crustacean with an elongated body', 'tôm'),
('shy', 'adj', 'easily frightened away; timid', 'ngại ngùng'),
('shy', 'adj', 'hesitating or timid in the company of others', 'nhút nhát'),
('shy', 'adj', 'easily startled', 'rụt rè'),
('shy', 'adj', 'suspicious; wary', 'bẻn lẻn'),
('simple', 'adj', 'easy to understand, deal with, use, etc.', 'đơn giản'),
('sing', 'verb', 'make musical sounds with the voice', 'hát'),
('sleep', 'verb', 'a condition of body and mind that typically recurs for several hours every night', 'ngủ'),
('smart', 'adj', 'having or showing quick intelligence or ready mental capability', 'thông minh'),
('smile', 'verb', 'form one\'s features into a pleased, kind, or amused expression', 'cười'),
('social', 'adj', 'pertaining to, devoted to, or characterized by friendly companionship or relations', 'xã hội'),
('social', 'adj', 'living or disposed to live in companionship with others or in a community, rather than in isolation', 'hòa đồng'),
('soup', 'noun', 'a liquid dish, typically savoury and made by boiling meat', 'canh súp'),
('spinach', 'noun', 'a widely cultivated edible Asian plant', 'rau chân vịt'),
('squash', 'noun', 'a cultivated plant of the gourd family', 'bí ngô'),
('strawberry', 'noun', 'a sweet soft red fruit', 'dâu tây'),
('successful', 'adj', 'attaining or having attained wealth, position, honors, or the like', 'thành công'),
('sugar', 'noun', 'a sweet crystalline substance obtained from various plants', 'đường'),
('sun', 'noun', 'the star around which the earth orbits', 'mặt trời'),
('talent', 'noun', 'a special natural ability or aptitude', 'tài năng'),
('tall', 'adj', 'having a relatively great height; of more than average stature', 'cao'),
('tea', 'noun', 'a hot drink made by infusing the dried crushed leaves of the tea plant in boiling water', 'trà'),
('thin', 'adj', 'having relatively little extent from one surface or side to the opposite; not thick', 'gầy'),
('tired', 'adj', 'exhausted in strength, endurance, etc.', 'mệt mỏi'),
('tomato', 'noun', 'a glossy red or yellow edible fruit', 'quả cà chua'),
('traditional', 'adj', 'of or relating to tradition', 'truyền thống'),
('travel', 'verb', 'make a journey, typically of some length or abroad', 'đi du lịch'),
('true', 'adj', 'being in accordance with the actual state or conditions; conforming to reality or fact', 'đúng'),
('true', 'adj', 'real or genuine', 'thật'),
('understanding', 'noun', 'mental process of a person who comprehends; comprehension; personal interpretation', 'sự hiểu biết'),
('understanding', 'noun', 'sympathetically aware of other people\'s feelings; tolerant and forgiving', 'sự đồng ý'),
('understanding', 'noun', 'the mental faculty resolving sensory input into sequences of symbols representing the external objects', 'trí thông minh'),
('useful', 'adj', 'being of use or service; serving some purpose; advantageous, helpful, or of good effect', 'hữu ích'),
('valuable', 'adj', 'having considerable monetary worth; costing or bringing a high price', 'quý giá'),
('versatile', 'adj', 'capable of or adapted for turning easily from one to another of various tasks, fields of endeavor, etc.', 'đa năng'),
('versatile', 'adj', 'having or capable of many uses', 'linh hoạt'),
('versatile', 'adj', 'capable of turning forward or backward', 'có nhiều tài năng'),
('versatile', 'adj', 'capable of moving freely in all directions', 'có thể xoay tròn được'),
('walk', 'verb', 'move at a regular pace by lifting and setting down each foot in turn', 'đi bộ'),
('warm', 'adj', 'having or giving out a moderate degree of heat, as perceived by the senses', 'ấm áp'),
('warm', 'adj', 'characterized by affection, generosity, sympathy, etc.', 'nồng nhiệt'),
('water', 'noun', 'a colorless, transparent, odorless liquid that forms the seas, lakes, rivers, and rain', 'nước'),
('watermelon', 'noun', 'a large melon with a hard green rind', 'quả dưa hấu'),
('weak', 'adj', 'lacking in physical strength', 'yếu đuối'),
('weak', 'adj', 'lacking in force, potency, or efficacy; impotent, ineffectual, or inadequate', 'yếu ớt'),
('wealthy', 'adj', 'having great wealth; rich; affluent', 'giàu có'),
('wise', 'adj', 'having the power of discerning and judging properly as to what is true or right', 'khôn ngoan'),
('wonderful', 'adj', 'excellent; great; marvelous', 'tuyệt vời'),
('wonderful', 'adj', 'causing wonder; marvelous; surprising', 'kinh ngạc'),
('wonderful', 'adj', 'extraordinary; remarkable', 'phi thường'),
('young', 'adj', 'being in the first or early stage of life or growth; youthful; not old', 'trẻ'),
('young', 'adj', 'having the appearance, freshness, vigor, or other qualities of youth', 'trẻ tuổi');

-- WordTopics table
INSERT INTO WordTopics (TopicName, english) VALUES
('Food', 'apple'),
('Food', 'apricot'),
('Food', 'avocado'),
('Food', 'bacon'),
('Food', 'banana'),
('Food', 'beef'),
('Food', 'blackberry'),
('Food', 'blueberry'),
('Food', 'bread'),
('Food', 'broccoli'),
('Food', 'cabbage'),
('Food', 'cantaloupe'),
('Food', 'carrot'),
('Food', 'cauliflower'),
('Food', 'cheese'),
('Food', 'cherry'),
('Food', 'chicken'),
('Food', 'coconut'),
('Food', 'coffee'),
('Food', 'crab'),
('Food', 'cucumber'),
('Food', 'egg'),
('Food', 'eggplant'),
('Food', 'garlic'),
('Food', 'grapefruit'),
('Food', 'grapes'),
('Food', 'honey'),
('Food', 'lamb'),
('Food', 'lemon'),
('Food', 'lettuce'),
('Food', 'lobster'),
('Food', 'mango'),
('Food', 'milk'),
('Food', 'noodles'),
('Food', 'oil'),
('Food', 'onion'),
('Food', 'orange'),
('Food', 'papaya'),
('Food', 'pasta'),
('Food', 'peach'),
('Food', 'pear'),
('Food', 'pepper'),
('Food', 'pineapple'),
('Food', 'plum'),
('Food', 'pomegranate'),
('Food', 'pork'),
('Food', 'potato'),
('Food', 'raspberry'),
('Food', 'rice'),
('Food', 'sandwich'),
('Food', 'sausage'),
('Food', 'shrimp'),
('Food', 'soup'),
('Food', 'spinach'),
('Food', 'squash'),
('Food', 'strawberry'),
('Food', 'sugar'),
('Food', 'watermelon');

-- WordTopics table
INSERT INTO WordTopics (TopicName, english) VALUES
('Feelings', 'angry'),
('Feelings', 'beautiful'),
('Feelings', 'brave'),
('Feelings', 'careful'),
('Feelings', 'careless'),
('Feelings', 'enthusiastic'),
('Feelings', 'happy'),
('Feelings', 'nervous'),
('Feelings', 'realistic'),
('Feelings', 'relaxed'),
('Feelings', 'sad'),
('Feelings', 'serious'),
('Feelings', 'shy'),
('Feelings', 'smile'),
('Feelings', 'social'),
('Feelings', 'tired'),
('Feelings', 'wonderful');

-- WordTopics table
INSERT INTO WordTopics (TopicName, english) VALUES
('Activities', 'fight'),
('Activities', 'jump'),
('Activities', 'run'),
('Activities', 'sing'),
('Activities', 'sleep'),
('Activities', 'walk');

-- WordTopics table
INSERT INTO WordTopics (TopicName, english) VALUES
('Characteristics', 'dextrous'),
('Characteristics', 'diligent'),
('Characteristics', 'extroverted'),
('Characteristics', 'frank'),
('Characteristics', 'fresh'),
('Characteristics', 'generous'),
('Characteristics', 'gentle'),
('Characteristics', 'hot'),
('Characteristics', 'humorous'),
('Characteristics', 'important'),
('Characteristics', 'intelligent'),
('Characteristics', 'interesting'),
('Characteristics', 'kind'),
('Characteristics', 'lazy'),
('Characteristics', 'lucky'),
('Characteristics', 'modest'),
('Characteristics', 'patient'),
('Characteristics', 'polite'),
('Characteristics', 'practical'),
('Characteristics', 'pretty'),
('Characteristics', 'quiet'),
('Characteristics', 'rude'),
('Characteristics', 'selfish'),
('Characteristics', 'simple'),
('Characteristics', 'smart'),
('Characteristics', 'successful'),
('Characteristics', 'talent'),
('Characteristics', 'tall'),
('Characteristics', 'thin'),
('Characteristics', 'valuable'),
('Characteristics', 'versatile'),
('Characteristics', 'warm'),
('Characteristics', 'weak'),
('Characteristics', 'wealthy'),
('Characteristics', 'wise'),
('Characteristics', 'young');

-- WordTopics table
INSERT INTO WordTopics (TopicName, english) VALUES
('Beverages', 'juice'),
('Beverages', 'tea');
